X,Y,,,,,Baseline CH4 Production Rate,
m,m,,,,,(kg/m^3)/day,
2102.04,2494.52,,,,,0.01555,
1228.38,1526.66,,,,,0.01284,
2341.64,84.27,,,,,0.01513,
2295.25,2025.14,,,,,0.01082,
523.82,1233.80,,,,,0.02335,
612.14,705.81,,,,,0.02037,
51.89,1377.57,,,,,0.02292,
486.95,327.98,,,,,0.02008,
1373.18,1495.01,,,,,0.01685,
1162.00,1193.67,,,,,0.01662,
333.48,2215.55,,,,,0.02001,
1736.21,875.28,,,,,0.02535,
152.87,124.51,,,,,0.02237,
26.57,1470.38,,,,,0.0146,
716.64,615.69,,,,,0.02334,
556.46,1874.82,,,,,0.01861,
2313.55,1299.06,,,,,0.01654,
410.87,126.63,,,,,0.01565,
1443.18,2061.50,,,,,0.01535,
632.51,490.38,,,,,0.02576,
2475.56,2240.39,,,,,0.0202,
579.19,241.74,,,,,0.01924,
2321.41,1682.92,,,,,0.01731,
711.60,1171.03,,,,,0.01301,
697.26,1978.78,,,,,0.02134,
794.00,1137.03,,,,,0.01551,
60.42,861.70,,,,,0.01945,
1664.91,2356.73,,,,,0.01734,
2311.87,968.56,,,,,0.01818,
2046.81,1971.69,,,,,0.02064,
2171.89,1576.36,,,,,0.01604,
513.38,2106.02,,,,,0.02144,
693.94,302.02,,,,,0.02319,
837.42,602.16,,,,,0.01636,
978.13,1568.97,,,,,0.02214,
2486.87,1097.44,,,,,0.01936,
2068.13,1681.97,,,,,0.02061,
2138.23,756.79,,,,,0.02531,
2493.22,970.99,,,,,0.02537,
1940.56,182.34,,,,,0.01527,
2037.80,896.34,,,,,0.01798,
2390.36,36.52,,,,,0.01716,
1590.90,2312.41,,,,,0.02253,
893.74,1788.48,,,,,0.01849,
1439.25,988.55,,,,,0.01853,
1569.52,1262.02,,,,,0.02904,
1476.38,330.69,,,,,0.01723,
2238.52,1101.53,,,,,0.02386,
1964.73,971.89,,,,,0.01814,
987.19,244.83,,,,,0.02297,
2476.79,2326.89,,,,,0.01833,
1964.74,1498.45,,,,,0.02115,
461.67,1194.25,,,,,0.01526,
2291.47,69.56,,,,,0.01487,
281.42,743.66,,,,,0.02021,
1965.26,542.45,,,,,0.01441,
455.24,2169.42,,,,,0.02273,
2159.51,51.99,,,,,0.02112,
693.61,2178.83,,,,,0.01524,
1281.42,147.24,,,,,0.0224,
2294.83,159.78,,,,,0.02274,
1888.11,933.54,,,,,0.02154,
748.40,516.12,,,,,0.02042,
595.81,44.71,,,,,0.01119,
2089.24,22.05,,,,,0.02073,
674.27,1653.23,,,,,0.01094,
303.13,1368.45,,,,,0.02117,
2413.95,512.55,,,,,0.02041,
2495.81,155.85,,,,,0.01503,
1188.46,1432.66,,,,,0.02192,
564.84,2434.39,,,,,0.01746,
2238.16,1690.15,,,,,0.01871,
2020.57,1117.50,,,,,0.02137,
796.98,1323.33,,,,,0.02016,
1606.85,1261.56,,,,,0.01692,
1485.64,1657.14,,,,,0.02348,
1024.12,1447.11,,,,,0.02184,
1386.51,550.60,,,,,0.02272,
559.13,480.86,,,,,0.02026,
621.12,348.05,,,,,0.02072,
866.36,41.15,,,,,0.02059,
957.87,349.31,,,,,0.02083,
918.73,154.41,,,,,0.02099,
1656.25,1697.81,,,,,0.01893,
717.29,1795.36,,,,,0.01565,
1769.86,334.24,,,,,0.02135,
1511.89,1386.19,,,,,0.01843,
47.23,692.75,,,,,0.02132,
1272.76,1140.08,,,,,0.02182,
684.56,948.71,,,,,0.01549,
1018.53,175.15,,,,,0.0241,
1433.57,1962.41,,,,,0.01792,
1535.00,1550.77,,,,,0.01745,
201.06,695.14,,,,,0.02439,
158.80,182.02,,,,,0.01923,
724.01,1357.97,,,,,0.01901,
457.62,1984.73,,,,,0.02055,
827.26,372.67,,,,,0.02372,
376.85,2067.12,,,,,0.01752,
115.37,1753.51,,,,,0.02556,
2357.01,190.67,,,,,0.02125,
312.61,514.04,,,,,0.02413,
160.13,2203.27,,,,,0.02204,
2126.42,1112.10,,,,,0.01829,
1707.35,212.37,,,,,0.02034,
250.97,2093.09,,,,,0.02516,
1137.92,1693.70,,,,,0.01821,
437.75,553.35,,,,,0.0141,
2402.55,1833.17,,,,,0.01279,
1059.67,2095.01,,,,,0.01549,
2466.49,462.37,,,,,0.02365,
1739.67,1846.94,,,,,0.02334,
1643.53,1689.98,,,,,0.02121,
1789.20,1826.84,,,,,0.01716,
886.98,1612.52,,,,,0.02178,
65.84,875.85,,,,,0.0183,
219.18,1418.51,,,,,0.01768,
919.10,670.48,,,,,0.01552,
148.50,547.83,,,,,0.01398,
1676.71,355.77,,,,,0.02052,
731.92,1584.29,,,,,0.02094,
2031.32,362.06,,,,,0.02178,
2320.22,1183.58,,,,,0.01978,
558.73,1433.32,,,,,0.01738,
880.82,777.87,,,,,0.0241,
889.16,1944.36,,,,,0.01379,
2009.46,2333.00,,,,,0.02576,
1818.22,1609.14,,,,,0.01881,
832.93,2278.95,,,,,0.02331,
977.32,320.37,,,,,0.02513,
624.87,1725.09,,,,,0.02082,
2321.98,1547.35,,,,,0.0192,
1732.58,1868.21,,,,,0.01799,
2159.65,89.44,,,,,0.02497,
262.29,197.26,,,,,0.01994,
947.06,793.25,,,,,0.02153,
1906.34,17.71,,,,,0.01404,
500.00,2162.51,,,,,0.02052,
886.92,1453.87,,,,,0.02482,
785.41,1731.93,,,,,0.01124,
1791.25,2006.57,,,,,0.02204,
2208.17,967.50,,,,,0.02215,
758.69,326.50,,,,,0.01346,
1380.21,129.83,,,,,0.01657,
828.70,1419.53,,,,,0.01705,
396.87,1533.99,,,,,0.01165,
1204.04,1021.90,,,,,0.01317,
1962.68,59.16,,,,,0.01649,
2181.33,2232.86,,,,,0.01947,
1769.08,282.84,,,,,0.01582,
2042.04,375.96,,,,,0.01684,
252.39,822.34,,,,,0.02605,
1674.80,1354.81,,,,,0.01611,
1345.60,2011.75,,,,,0.01498,
1659.96,2409.06,,,,,0.0171,
2168.53,2481.16,,,,,0.0206,
1184.67,574.34,,,,,0.0185,
1705.59,726.45,,,,,0.02642,
1278.31,687.24,,,,,0.02109,
676.83,1012.67,,,,,0.02128,
1180.45,1213.08,,,,,0.01295,
466.64,410.70,,,,,0.0119,
785.39,911.56,,,,,0.02134,
1218.74,538.54,,,,,0.015,
1829.75,1697.14,,,,,0.01898,
1702.22,1233.76,,,,,0.0228,
2157.82,718.82,,,,,0.02129,
214.93,593.62,,,,,0.01376,
1496.93,2154.00,,,,,0.01686,
636.40,2241.84,,,,,0.01224,
1260.67,576.31,,,,,0.01451,
926.63,520.44,,,,,0.02195,
678.19,429.49,,,,,0.01855,
890.61,2428.21,,,,,0.0178,
2047.84,803.59,,,,,0.01827,
2145.52,1961.00,,,,,0.0092,
730.00,2495.40,,,,,0.00805,
621.37,2481.52,,,,,0.02159,
1625.15,2016.27,,,,,0.02225,
236.28,909.36,,,,,0.02527,
1794.01,364.31,,,,,0.02276,
1532.58,738.50,,,,,0.01858,
1548.57,828.11,,,,,0.01202,
1635.69,2336.74,,,,,0.02045,
2496.33,1811.21,,,,,0.01725,
258.41,475.33,,,,,0.02049,
1677.62,2485.13,,,,,0.02278,
1849.93,45.05,,,,,0.01045,
318.65,1753.40,,,,,0.01758,
1039.79,1367.40,,,,,0.0217,
2403.70,1804.04,,,,,0.01691,
1207.75,566.72,,,,,0.02112,
575.50,891.28,,,,,0.02638,
888.03,1353.75,,,,,0.01457,
388.80,1580.61,,,,,0.02347,
929.40,596.64,,,,,0.02439,
1638.71,2183.65,,,,,0.01751,
2236.85,2094.63,,,,,0.0186,
328.02,875.17,,,,,0.01801,
1728.52,1689.38,,,,,0.01198,
787.09,2236.65,,,,,0.01815,
1814.41,2061.77,,,,,0.02082,
1924.55,2049.07,,,,,0.01883,
1272.99,1941.19,,,,,0.01298,
562.55,119.06,,,,,0.01612,
561.96,1120.93,,,,,0.01925,
136.54,1745.01,,,,,0.01756,
2251.88,1640.63,,,,,0.02192,
416.26,811.51,,,,,0.01371,
1832.61,1610.09,,,,,0.02725,
1982.60,1237.27,,,,,0.02198,
14.86,112.52,,,,,0.0219,
1404.14,2454.25,,,,,0.0223,
2360.84,2407.64,,,,,0.011,
2292.77,1587.57,,,,,0.02417,
891.28,1754.83,,,,,0.0167,
232.24,618.09,,,,,0.02225,
275.43,795.93,,,,,0.01207,
1245.02,2038.81,,,,,0.02912,
1718.33,1725.20,,,,,0.01631,
2132.69,1092.32,,,,,0.02441,
1854.89,2366.79,,,,,0.01458,
1477.06,2251.01,,,,,0.02534,
1492.56,1441.79,,,,,0.01189,
1619.63,1700.54,,,,,0.02076,
2441.97,1734.73,,,,,0.02067,
788.50,2031.23,,,,,0.01583,
1234.78,933.46,,,,,0.0196,
1475.41,1504.14,,,,,0.02002,
1502.03,1047.03,,,,,0.01683,
994.81,412.93,,,,,0.02351,
569.60,221.96,,,,,0.01896,
124.19,2484.92,,,,,0.02689,
757.10,168.21,,,,,0.01148,
1247.95,1416.42,,,,,0.02162,
145.32,2294.81,,,,,0.01714,
2056.75,2178.56,,,,,0.01827,
1272.02,2155.13,,,,,0.01488,
775.42,838.14,,,,,0.02285,
85.69,1050.70,,,,,0.0199,
2073.54,919.02,,,,,0.01543,
2172.64,1641.60,,,,,0.01649,
121.01,1507.28,,,,,0.02429,
309.63,1543.76,,,,,0.02168,
1447.02,617.35,,,,,0.02499,
1016.69,2125.32,,,,,0.01656,
280.87,595.59,,,,,0.02167,
1901.66,337.00,,,,,0.01876,
2254.52,1536.88,,,,,0.01775,
2259.20,1969.86,,,,,0.02285,
2338.80,1791.20,,,,,0.01976,
1565.08,284.33,,,,,0.02099,
1559.02,2363.85,,,,,0.01916,
1729.79,1765.75,,,,,0.02096,
1984.66,507.56,,,,,0.01922,
536.61,1795.88,,,,,0.01116,
303.69,1174.31,,,,,0.0315,
1585.45,1362.68,,,,,0.02474,
1677.36,1621.97,,,,,0.01762,
1793.28,1737.13,,,,,0.01612,
1304.56,644.10,,,,,0.02679,
2482.77,324.12,,,,,0.02047,
1811.42,1778.34,,,,,0.0186,
358.05,690.25,,,,,0.01706,
1929.58,1369.96,,,,,0.02008,
1863.71,1494.71,,,,,0.01946,
1280.84,1986.13,,,,,0.02514,
2496.44,931.09,,,,,0.01876,
2326.43,213.37,,,,,0.01794,
382.00,832.40,,,,,0.0137,
1690.21,1111.75,,,,,0.01735,
2030.18,1790.67,,,,,0.01981,
909.56,2210.26,,,,,0.02381,
1223.19,1958.20,,,,,0.01892,
543.70,2049.65,,,,,0.01238,
194.22,2124.11,,,,,0.02517,
1779.13,1480.30,,,,,0.01974,
1431.62,111.69,,,,,0.01978,
65.42,1650.04,,,,,0.02827,
1127.46,1410.83,,,,,0.02154,
722.75,393.50,,,,,0.02223,
410.08,1790.56,,,,,0.01997,
2132.56,1325.15,,,,,0.02018,
878.62,2461.03,,,,,0.02217,
1500.30,1467.01,,,,,0.0181,
713.04,742.64,,,,,0.01974,
1160.25,2151.29,,,,,0.02252,
802.52,1652.41,,,,,0.01834,
613.56,1107.84,,,,,0.02474,
744.20,1245.96,,,,,0.01574,
1926.02,1119.17,,,,,0.02056,
707.98,1965.37,,,,,0.02691,
2009.70,1549.46,,,,,0.01677,
1134.60,2019.77,,,,,0.0259,
1379.23,1253.70,,,,,0.02412,
1549.88,2142.73,,,,,0.01497,
933.16,581.50,,,,,0.0166,
1753.93,466.61,,,,,0.02542,
1936.32,2448.37,,,,,0.02048,
635.36,1654.50,,,,,0.02274,
1689.26,1189.55,,,,,0.02318,
2095.90,20.02,,,,,0.01695,
1698.43,2363.56,,,,,0.02568,
2270.64,1925.50,,,,,0.01922,
2079.28,320.82,,,,,0.02096,
971.74,611.05,,,,,0.01658,
2390.35,702.77,,,,,0.01756,
2266.63,660.32,,,,,0.01972,
2490.29,1737.33,,,,,0.02281,
244.38,315.16,,,,,0.02129,
2052.29,798.90,,,,,0.02232,
367.75,1981.33,,,,,0.02445,
435.87,1576.46,,,,,0.01972,
699.17,1695.76,,,,,0.01838,
77.78,1964.90,,,,,0.01805,
1349.46,859.78,,,,,0.02122,
603.96,333.51,,,,,0.0176,
612.96,1831.30,,,,,0.01856,
1237.40,1153.74,,,,,0.022,
2464.08,1190.73,,,,,0.02569,
866.55,2274.48,,,,,0.01594,
133.46,1499.16,,,,,0.02054,
111.13,19.79,,,,,0.02476,
1683.17,349.00,,,,,0.01954,
306.71,1906.54,,,,,0.01986,
107.16,2451.19,,,,,0.01797,
860.91,8.29,,,,,0.02016,
1843.01,280.75,,,,,0.02324,
2060.67,1080.81,,,,,0.02544,
1857.94,874.73,,,,,0.02157,
2440.46,1866.88,,,,,0.01714,
1036.78,1882.04,,,,,0.01424,
545.12,1923.27,,,,,0.01791,
1889.95,749.46,,,,,0.01375,
2020.79,132.05,,,,,0.02171,
1644.68,549.51,,,,,0.02375,
409.58,426.44,,,,,0.02401,
1155.11,1888.28,,,,,0.0151,
717.86,653.62,,,,,0.01568,
582.65,1497.41,,,,,0.01864,
1268.43,720.94,,,,,0.02248,
1646.37,1565.17,,,,,0.0179,
247.96,1281.52,,,,,0.02226,
1473.06,2007.44,,,,,0.0188,
1963.47,518.51,,,,,0.0202,
1768.76,2145.23,,,,,0.02123,
1438.34,1324.49,,,,,0.02059,
548.78,721.27,,,,,0.02336,
744.90,532.66,,,,,0.02945,
1006.40,892.14,,,,,0.01494,
987.20,1727.65,,,,,0.02119,
420.33,1548.65,,,,,0.01985,
1178.60,232.04,,,,,0.02116,
627.15,1964.95,,,,,0.01866,
1760.95,1964.72,,,,,0.02183,
1914.54,1280.80,,,,,0.01341,
2460.39,1385.28,,,,,0.02144,
973.57,233.89,,,,,0.02174,
844.11,2330.13,,,,,0.02042,
662.10,795.29,,,,,0.02263,
581.15,1739.73,,,,,0.02566,
183.02,1294.32,,,,,0.0225,
1256.62,2303.10,,,,,0.02478,
403.59,2461.69,,,,,0.02227,
2056.60,1332.84,,,,,0.01992,
1668.26,2277.63,,,,,0.02631,
1231.72,2462.37,,,,,0.02177,
1807.91,524.50,,,,,0.01935,
1840.41,2330.39,,,,,0.01238,
2025.79,1671.45,,,,,0.0176,
1898.89,857.82,,,,,0.01986,
2164.91,1788.76,,,,,0.02784,
952.85,716.07,,,,,0.01962,
471.04,433.16,,,,,0.01383,
821.19,2257.05,,,,,0.0164,
1500.88,2084.26,,,,,0.01854,
1232.05,192.75,,,,,0.01808,
531.15,2077.20,,,,,0.02346,
2204.87,1778.29,,,,,0.01822,
961.72,1541.34,,,,,0.01892,
192.49,334.84,,,,,0.02019,
943.48,1472.16,,,,,0.02126,
2497.08,845.75,,,,,0.01284,
1174.87,706.68,,,,,0.02178,
1744.98,1893.44,,,,,0.02122,
1052.17,2163.70,,,,,0.02218,
1190.62,1533.80,,,,,0.0166,
628.89,945.19,,,,,0.0236,
1952.13,1893.26,,,,,0.02252,
2179.27,955.40,,,,,0.02696,
711.81,1580.03,,,,,0.0304,
670.84,1258.09,,,,,0.02002,
2438.43,1461.68,,,,,0.02198,
1699.25,2358.91,,,,,0.01745,
9.61,1961.87,,,,,0.01853,
1774.20,1882.82,,,,,0.02414,
1355.87,1638.37,,,,,0.02545,
448.12,1880.62,,,,,0.01363,
331.19,162.16,,,,,0.01972,
1158.21,2137.60,,,,,0.02391,
2196.27,52.00,,,,,0.02525,
1698.41,766.78,,,,,0.01662,
1347.68,318.46,,,,,0.01687,
632.02,1906.24,,,,,0.02877,
2450.28,148.99,,,,,0.024,
2477.18,1719.15,,,,,0.01656,
2152.77,951.20,,,,,0.01982,
2398.71,212.75,,,,,0.01687,
58.86,560.09,,,,,0.02036,
310.91,702.24,,,,,0.01758,
1714.96,2396.16,,,,,0.0228,
1685.95,140.00,,,,,0.02074,
1237.69,2391.44,,,,,0.01761,
312.47,174.87,,,,,0.01462,
2392.90,2106.95,,,,,0.02057,
761.06,175.16,,,,,0.02005,
231.05,36.60,,,,,0.0169,
1359.96,2265.01,,,,,0.01446,
195.04,2102.86,,,,,0.02025,
38.22,1586.09,,,,,0.02165,
1508.14,1638.95,,,,,0.02591,
975.83,2025.45,,,,,0.01509,
1453.49,2006.67,,,,,0.02452,
2034.99,125.62,,,,,0.01539,
1208.25,1964.80,,,,,0.02294,
1219.57,1032.84,,,,,0.02072,
2297.73,2018.30,,,,,0.01656,
617.82,2428.78,,,,,0.0246,
171.71,2014.27,,,,,0.02823,
2294.12,890.22,,,,,0.01738,
2185.90,760.84,,,,,0.01722,
626.80,2184.12,,,,,0.02212,
1004.65,2437.06,,,,,0.02012,
2109.11,1363.36,,,,,0.01817,
1407.44,953.59,,,,,0.0244,
1845.71,355.66,,,,,0.01142,
669.73,265.39,,,,,0.01706,
29.75,2474.71,,,,,0.0178,
256.33,1949.93,,,,,0.01871,
169.26,1697.63,,,,,0.02382,
2226.91,994.18,,,,,0.02429,
1916.69,795.21,,,,,0.01222,
2352.65,590.43,,,,,0.01823,
1968.00,2442.19,,,,,0.02024,
890.42,2051.44,,,,,0.01961,
2320.64,2014.86,,,,,0.02098,
811.33,1662.04,,,,,0.01774,
498.49,713.18,,,,,0.02053,
459.02,43.68,,,,,0.02374,
142.94,650.44,,,,,0.01949,
63.03,1109.49,,,,,0.0278,
1005.90,2430.73,,,,,0.02282,
210.94,1650.59,,,,,0.01838,
2451.13,933.80,,,,,0.01326,
55.73,2458.50,,,,,0.01748,
1212.67,2140.84,,,,,0.02291,
374.33,858.18,,,,,0.02263,
1404.51,552.25,,,,,0.02196,
1919.08,492.42,,,,,0.02167,
1756.34,186.31,,,,,0.02173,
1108.17,2137.18,,,,,0.02516,
1286.01,615.63,,,,,0.02155,
2002.38,825.01,,,,,0.03056,
228.17,1870.39,,,,,0.01557,
2135.00,1156.50,,,,,0.02655,
859.87,1637.15,,,,,0.02609,
2058.35,35.37,,,,,0.02391,
2106.50,1915.24,,,,,0.02095,
7.15,665.09,,,,,0.01341,
2240.50,1793.73,,,,,0.02107,
1615.12,2301.57,,,,,0.0252,
2476.84,1756.94,,,,,0.01888,
170.68,352.27,,,,,0.02366,
1006.35,508.51,,,,,0.0209,
361.14,2179.71,,,,,0.01785,
600.76,822.46,,,,,0.02855,
1827.04,538.90,,,,,0.0241,
1086.34,895.80,,,,,0.02163,
1552.24,2327.81,,,,,0.01813,
1797.84,2069.40,,,,,0.018,
1298.56,1802.64,,,,,0.01875,
856.07,1896.95,,,,,0.0205,
1712.54,351.89,,,,,0.016,
925.35,1970.59,,,,,0.01681,
2370.92,334.29,,,,,0.01849,
2404.42,107.46,,,,,0.01838,
1414.30,1032.90,,,,,0.01626,
1578.68,918.19,,,,,0.02259,
2199.81,1625.36,,,,,0.02142,
2410.79,1891.74,,,,,0.019,
513.27,2151.48,,,,,0.02025,
2094.87,1183.59,,,,,0.02346,
864.85,390.65,,,,,0.02813,
1153.03,1668.05,,,,,0.02088,
1561.25,2462.62,,,,,0.01678,
784.19,602.16,,,,,0.02126,
2025.61,945.16,,,,,0.02003,
2443.23,2400.83,,,,,0.02707,
2219.48,201.02,,,,,0.02308,
1216.77,923.28,,,,,0.02073,
2448.75,1517.58,,,,,0.02052,
1278.84,221.47,,,,,0.02567,
1347.52,2251.09,,,,,0.01883,
2172.44,1690.18,,,,,0.02291,
245.56,1780.99,,,,,0.01878,
1523.51,1721.27,,,,,0.01087,
1702.41,1235.77,,,,,0.0211,
2134.42,399.12,,,,,0.01454,
2129.86,335.37,,,,,0.02328,
1808.23,1616.63,,,,,0.01932,
2442.84,389.98,,,,,0.01992,
2203.14,1754.46,,,,,0.02196,
1275.28,890.31,,,,,0.01902,
328.90,1510.22,,,,,0.01695,
178.17,2049.81,,,,,0.0286,
440.69,1107.98,,,,,0.0144,
2400.63,780.22,,,,,0.02129,
1421.25,1666.31,,,,,0.01577,
1534.99,1858.77,,,,,0.01145,
2186.68,2457.29,,,,,0.01719,
1172.15,206.37,,,,,0.02145,
1859.10,1181.21,,,,,0.0258,
1078.64,439.37,,,,,0.01388,
1613.43,2385.30,,,,,0.0181,
1989.46,993.92,,,,,0.01809,
228.42,614.04,,,,,0.01692,
1073.41,1222.50,,,,,0.02745,
815.99,1104.28,,,,,0.02288,
284.93,339.08,,,,,0.02457,
669.49,2395.01,,,,,0.02366,
875.52,1287.85,,,,,0.02433,
1716.80,1145.91,,,,,0.01832,
1767.75,100.92,,,,,0.02039,
417.84,1290.92,,,,,0.01647,
1924.40,640.25,,,,,0.01427,
1204.21,2231.21,,,,,0.01308,
2344.33,1506.20,,,,,0.01703,
1050.44,1926.78,,,,,0.02338,
468.72,438.16,,,,,0.02146,
804.27,908.70,,,,,0.01563,
1558.03,1525.85,,,,,0.02058,
807.35,2040.40,,,,,0.01787,
257.31,2101.73,,,,,0.02279,
1897.17,671.71,,,,,0.02195,
762.01,1190.16,,,,,0.02851,
958.14,1346.10,,,,,0.02219,
18.31,1054.37,,,,,0.02801,
1273.09,1070.21,,,,,0.02528,
1293.70,920.51,,,,,0.01851,
145.18,1618.21,,,,,0.02584,
258.31,1185.38,,,,,0.02587,
1095.08,364.16,,,,,0.02503,
1329.14,2429.09,,,,,0.0193,
2484.37,2220.38,,,,,0.02037,
1595.32,2490.45,,,,,0.01886,
1548.12,768.87,,,,,0.0221,
1789.96,1324.84,,,,,0.023,
2306.64,857.57,,,,,0.01469,
1593.03,2344.45,,,,,0.02243,
2005.20,1793.23,,,,,0.02298,
685.29,1195.21,,,,,0.02289,
1771.61,139.82,,,,,0.01376,
1849.72,2100.15,,,,,0.02047,
505.79,728.37,,,,,0.02518,
489.57,1628.31,,,,,0.02136,
1015.82,1090.12,,,,,0.0164,
990.69,2352.55,,,,,0.0241,
1440.69,2079.14,,,,,0.0149,
2236.06,2192.70,,,,,0.01871,
73.88,993.98,,,,,0.02754,
1763.00,1369.92,,,,,0.01892,
2358.78,1926.49,,,,,0.0238,
1376.54,463.64,,,,,0.01973,
803.07,167.44,,,,,0.01573,
2288.36,1036.93,,,,,0.02569,
255.58,1504.74,,,,,0.01791,
1786.29,78.94,,,,,0.00961,
1687.65,1084.66,,,,,0.02392,
824.68,712.26,,,,,0.02199,
2152.60,1061.97,,,,,0.02093,
1333.85,1657.37,,,,,0.02836,
351.23,1011.89,,,,,0.02292,
1456.05,565.21,,,,,0.01502,
356.90,1272.49,,,,,0.02239,
2174.21,1116.92,,,,,0.02165,
2071.10,1466.35,,,,,0.02277,
1841.77,2301.83,,,,,0.01954,
1829.36,870.17,,,,,0.02121,
1463.67,1452.12,,,,,0.01621,
857.01,1452.81,,,,,0.01891,
363.26,1748.09,,,,,0.01443,
2453.81,2056.89,,,,,0.02095,
68.84,2.47,,,,,0.02532,
1110.09,354.27,,,,,0.01288,
652.24,1957.01,,,,,0.01809,
1529.26,2414.63,,,,,0.01929,
2049.77,557.20,,,,,0.02482,
1081.81,63.92,,,,,0.01931,
2103.74,2252.29,,,,,0.01917,
135.90,1702.07,,,,,0.01516,
1319.84,1544.27,,,,,0.01516,
1249.46,1549.99,,,,,0.02092,
2349.48,126.78,,,,,0.01891,
1226.47,782.27,,,,,0.01653,
721.32,1139.77,,,,,0.01954,
1864.35,2238.42,,,,,0.01559,
333.97,1881.63,,,,,0.01864,
2328.51,494.39,,,,,0.01531,
2468.36,106.51,,,,,0.02326,
1113.09,645.90,,,,,0.02275,
519.73,1862.20,,,,,0.02345,
559.97,729.90,,,,,0.01678,
243.17,274.83,,,,,0.01488,
259.25,1957.83,,,,,0.01048,
44.55,1391.46,,,,,0.01811,
888.11,2082.07,,,,,0.01449,
150.05,155.67,,,,,0.0155,
1621.49,2154.17,,,,,0.01619,
1239.76,467.82,,,,,0.02421,
630.08,1234.09,,,,,0.02145,
848.78,2311.63,,,,,0.02873,
81.90,1556.60,,,,,0.02245,
1923.23,1807.18,,,,,0.01585,
2448.45,600.73,,,,,0.01639,
1395.26,1905.47,,,,,0.0247,
860.91,332.72,,,,,0.01428,
1557.44,1972.83,,,,,0.02277,
261.41,1207.25,,,,,0.02078,
1650.17,379.51,,,,,0.02259,
107.53,700.23,,,,,0.01787,
1566.28,1972.19,,,,,0.01691,
1526.32,822.38,,,,,0.0178,
1489.22,1762.61,,,,,0.02203,
1180.75,464.05,,,,,0.02096,
2389.92,2084.28,,,,,0.021,
2434.05,2218.51,,,,,0.01555,
589.50,2475.38,,,,,0.02122,
903.15,1046.13,,,,,0.02098,
1044.32,1764.53,,,,,0.0182,
358.63,1988.43,,,,,0.02151,
1306.83,158.81,,,,,0.02523,
472.64,1914.19,,,,,0.02235,
382.88,1757.24,,,,,0.01978,
1127.69,1772.77,,,,,0.011,
972.96,1160.94,,,,,0.02259,
2031.48,2102.29,,,,,0.01706,
927.34,225.24,,,,,0.01691,
2258.22,741.41,,,,,0.02064,
646.16,258.21,,,,,0.01696,
1401.95,99.93,,,,,0.01302,
1301.20,1142.16,,,,,0.02073,
125.06,110.27,,,,,0.02213,
1241.61,920.44,,,,,0.0186,
360.07,1118.60,,,,,0.01676,
1485.52,1664.87,,,,,0.02395,
1417.00,1569.74,,,,,0.02299,
2185.25,2434.95,,,,,0.02259,
1943.16,623.40,,,,,0.02042,
54.40,2286.34,,,,,0.02077,
1866.24,180.88,,,,,0.01702,
652.66,1935.01,,,,,0.02563,
203.93,1119.27,,,,,0.02124,
337.95,562.65,,,,,0.02081,
2242.15,267.41,,,,,0.01199,
2299.83,78.39,,,,,0.02164,
2457.70,1436.64,,,,,0.02908,
2445.25,272.54,,,,,0.01379,
779.99,920.88,,,,,0.01809,
1575.74,1450.39,,,,,0.02204,
2175.98,42.17,,,,,0.0201,
1575.20,2312.19,,,,,0.02121,
1707.11,264.35,,,,,0.02092,
1641.78,2296.80,,,,,0.02176,
2007.66,815.36,,,,,0.01471,
304.95,2261.87,,,,,0.01691,
1940.94,2383.09,,,,,0.0162,
543.31,1369.88,,,,,0.01389,
405.55,1778.27,,,,,0.01807,
93.47,2451.11,,,,,0.01351,
1272.46,2447.52,,,,,0.02426,
1416.59,346.84,,,,,0.02511,
8.19,44.70,,,,,0.01713,
419.10,811.78,,,,,0.01774,
2427.62,1602.99,,,,,0.01423,
1497.59,555.80,,,,,0.01625,
2024.67,2227.57,,,,,0.01802,
404.68,818.97,,,,,0.02112,
1380.99,1481.07,,,,,0.01024,
2056.17,1573.71,,,,,0.0237,
1709.51,739.12,,,,,0.0211,
1670.98,1782.46,,,,,0.01422,
1688.77,560.18,,,,,0.01673,
39.26,131.24,,,,,0.01686,
1410.85,1485.28,,,,,0.02053,
1167.52,1214.52,,,,,0.01654,
1959.42,2357.76,,,,,0.02415,
131.32,743.05,,,,,0.02325,
614.62,2055.09,,,,,0.01798,
1816.63,651.70,,,,,0.01734,
1755.67,1132.35,,,,,0.01704,
1139.06,2486.05,,,,,0.02361,
1832.06,278.91,,,,,0.02247,
2350.15,1922.81,,,,,0.01951,
962.21,486.23,,,,,0.02229,
2180.55,632.16,,,,,0.01963,
2331.15,2153.00,,,,,0.01304,
560.80,2375.46,,,,,0.02795,
526.02,1970.24,,,,,0.01898,
1980.55,1249.41,,,,,0.02073,
1385.02,2104.87,,,,,0.0168,
1186.87,1617.16,,,,,0.02422,
28.41,2251.23,,,,,0.02049,
1775.53,191.71,,,,,0.02194,
466.23,516.26,,,,,0.01892,
1003.65,1075.76,,,,,0.02141,
1660.88,2078.93,,,,,0.01533,
1861.61,2419.35,,,,,0.0188,
1446.92,547.12,,,,,0.01605,
2299.61,293.60,,,,,0.01931,
1271.98,1426.76,,,,,0.01781,
1698.51,1552.30,,,,,0.01788,
327.11,1424.42,,,,,0.02098,
600.36,1339.79,,,,,0.01415,
229.95,1954.23,,,,,0.02458,
368.80,331.21,,,,,0.01903,
953.95,1659.88,,,,,0.01053,
791.59,2146.69,,,,,0.01945,
865.09,843.02,,,,,0.01857,
1791.62,1496.39,,,,,0.01665,
401.87,1212.36,,,,,0.02881,
1208.73,748.70,,,,,0.02204,
1550.92,2028.76,,,,,0.02579,
163.69,1145.60,,,,,0.02187,
1925.04,1966.13,,,,,0.02479,
347.47,157.30,,,,,0.01479,
100.39,1978.24,,,,,0.02676,
1817.56,703.56,,,,,0.02577,
1603.44,1596.66,,,,,0.02414,
1096.88,1579.87,,,,,0.01822,
2403.42,421.57,,,,,0.02968,
474.08,1037.92,,,,,0.0148,
121.31,1627.15,,,,,0.02087,
771.23,799.87,,,,,0.01299,
1917.42,997.66,,,,,0.02737,
397.69,2401.56,,,,,0.01591,
1524.17,2061.35,,,,,0.02005,
1180.07,820.30,,,,,0.0254,
864.83,1755.71,,,,,0.01451,
337.09,1081.08,,,,,0.02512,
1941.21,1477.02,,,,,0.02102,
2476.61,1069.66,,,,,0.02735,
1851.30,713.15,,,,,0.02319,
82.00,2393.17,,,,,0.02027,
397.87,334.99,,,,,0.01799,
1471.66,1910.01,,,,,0.02044,
42.82,1555.05,,,,,0.02238,
1536.47,1350.58,,,,,0.01463,
2488.07,1766.75,,,,,0.01822,
1562.31,1356.53,,,,,0.02947,
1831.90,783.70,,,,,0.01833,
1477.28,1160.82,,,,,0.02172,
1213.15,1793.33,,,,,0.02171,
554.33,1308.81,,,,,0.0264,
761.99,1095.44,,,,,0.01911,
2084.70,2060.20,,,,,0.02397,
830.23,1305.70,,,,,0.02332,
2238.26,438.68,,,,,0.02648,
892.36,19.79,,,,,0.018,
2067.70,65.16,,,,,0.02101,
246.61,429.37,,,,,0.02586,
1275.01,499.54,,,,,0.02374,
63.47,909.87,,,,,0.01514,
1879.90,1012.16,,,,,0.01946,
488.03,2219.11,,,,,0.01377,
794.35,2498.28,,,,,0.01638,
2431.16,2045.57,,,,,0.01989,
1804.93,1267.90,,,,,0.01883,
666.23,841.36,,,,,0.02216,
1223.11,1297.54,,,,,0.02029,
2110.89,1853.36,,,,,0.01788,
1311.37,2471.09,,,,,0.02019,
2292.95,1760.99,,,,,0.01847,
264.25,846.83,,,,,0.02221,
746.41,2028.98,,,,,0.01494,
1436.30,1933.63,,,,,0.0216,
1416.04,1452.20,,,,,0.02009,
2140.34,1481.50,,,,,0.01617,
14.41,1897.24,,,,,0.02078,
881.37,1970.44,,,,,0.01186,
1383.58,9.88,,,,,0.02907,
1967.75,466.64,,,,,0.01657,
1183.71,817.45,,,,,0.02463,
1935.93,1530.19,,,,,0.02241,
1507.76,50.86,,,,,0.01588,
861.34,1056.19,,,,,0.01362,
749.72,2228.73,,,,,0.02045,
1168.18,2130.64,,,,,0.01681,
1118.63,1327.90,,,,,0.02567,
286.56,260.67,,,,,0.03364,
1925.37,1947.72,,,,,0.01985,
2080.39,798.98,,,,,0.02038,
1040.24,1710.63,,,,,0.01671,
2325.77,2364.79,,,,,0.02085,
1744.14,634.47,,,,,0.02434,
631.21,182.05,,,,,0.0187,
1627.02,133.66,,,,,0.0225,
29.80,1160.81,,,,,0.0265,
1697.08,1564.34,,,,,0.02854,
1817.85,1356.94,,,,,0.02701,
521.38,2434.06,,,,,0.01264,
1741.40,99.94,,,,,0.02757,
385.86,1595.89,,,,,0.01828,
573.47,778.42,,,,,0.02099,
1430.34,2215.11,,,,,0.02392,
2208.19,1630.69,,,,,0.01879,
1762.22,449.64,,,,,0.02013,
1997.98,299.86,,,,,0.02508,
1549.05,701.59,,,,,0.02591,
981.10,66.93,,,,,0.02223,
1208.62,1616.27,,,,,0.03033,
593.31,1385.03,,,,,0.01855,
2421.61,1419.12,,,,,0.02191,
708.55,488.08,,,,,0.03052,
2036.20,890.53,,,,,0.02332,
497.30,1573.55,,,,,0.02064,
912.61,961.17,,,,,0.01344,
2397.39,42.23,,,,,0.01465,
1676.49,772.79,,,,,0.01623,
2132.75,966.51,,,,,0.0213,
397.25,2228.81,,,,,0.02123,
722.89,613.72,,,,,0.01902,
1824.15,980.11,,,,,0.01929,
331.19,1017.85,,,,,0.01391,
2125.41,1888.20,,,,,0.01472,
292.78,2262.36,,,,,0.02739,
1755.21,928.47,,,,,0.02381,
463.34,120.07,,,,,0.01222,
1748.64,176.76,,,,,0.01936,
2280.92,1222.31,,,,,0.01802,
982.56,1822.50,,,,,0.0172,
2483.06,1823.52,,,,,0.02573,
2267.12,2487.52,,,,,0.02355,
1785.84,570.76,,,,,0.02253,
2460.55,1254.53,,,,,0.01701,
1796.35,1624.37,,,,,0.02169,
2208.48,1097.54,,,,,0.0215,
1881.11,1712.05,,,,,0.02235,
2253.11,537.90,,,,,0.01701,
187.12,980.50,,,,,0.01034,
650.24,1104.16,,,,,0.01728,
1044.06,791.64,,,,,0.01715,
1341.18,2467.46,,,,,0.02835,
806.34,498.33,,,,,0.01632,
1465.68,829.43,,,,,0.02655,
671.39,2036.14,,,,,0.02257,
1931.55,2377.32,,,,,0.02894,
2120.44,864.35,,,,,0.01817,
1176.86,674.13,,,,,0.02143,
1310.77,1849.36,,,,,0.01323,
260.89,376.82,,,,,0.01295,
2352.22,1352.70,,,,,0.02337,
1274.16,975.48,,,,,0.02602,
230.77,1389.46,,,,,0.01635,
960.81,1926.59,,,,,0.02303,
1981.03,1547.17,,,,,0.0254,
1605.35,1983.71,,,,,0.01653,
890.44,2103.36,,,,,0.0186,
1608.29,2472.21,,,,,0.01855,
580.39,1751.71,,,,,0.01262,
1425.53,1724.05,,,,,0.01995,
750.88,2225.34,,,,,0.01182,
1163.23,633.73,,,,,0.01999,
1429.26,549.27,,,,,0.0193,
393.24,1720.44,,,,,0.02045,
264.57,1158.43,,,,,0.0195,
751.37,2096.57,,,,,0.01441,
200.37,1521.57,,,,,0.02248,
909.72,1185.01,,,,,0.02743,
1268.71,2313.07,,,,,0.0187,
441.14,91.34,,,,,0.0156,
564.73,867.82,,,,,0.02176,
2105.48,1792.97,,,,,0.01889,
77.27,1592.09,,,,,0.02238,
750.11,1041.21,,,,,0.02058,
1816.04,2352.13,,,,,0.02084,
43.13,1798.26,,,,,0.02534,
2214.17,1915.72,,,,,0.01366,
2314.61,571.14,,,,,0.02692,
2250.46,708.10,,,,,0.02888,
2136.66,22.08,,,,,0.02087,
262.24,1045.34,,,,,0.02605,
851.40,1904.08,,,,,0.01876,
24.58,2426.99,,,,,0.01336,
2243.91,1856.37,,,,,0.02127,
882.26,2428.90,,,,,0.02196,
470.96,1346.65,,,,,0.0288,
718.01,2175.86,,,,,0.01857,
2065.37,848.11,,,,,0.01748,
226.54,2330.04,,,,,0.0245,
2256.77,1509.98,,,,,0.01977,
2381.99,202.58,,,,,0.01737,
2245.09,1739.91,,,,,0.01719,
433.89,2209.73,,,,,0.01748,
1902.28,325.07,,,,,0.02135,
1952.43,1652.41,,,,,0.01609,
312.77,2171.19,,,,,0.01282,
1075.43,426.78,,,,,0.019,
929.64,2248.77,,,,,0.01944,
1265.76,598.21,,,,,0.0188,
1488.67,2132.23,,,,,0.02359,
1494.11,504.12,,,,,0.02223,
962.60,590.30,,,,,0.0199,
334.49,1346.06,,,,,0.01977,
1924.14,2492.40,,,,,0.01946,
65.57,1655.10,,,,,0.02662,
1090.06,2348.98,,,,,0.02252,
1621.11,1953.14,,,,,0.01919,
1820.75,253.70,,,,,0.02041,
860.74,236.60,,,,,0.02293,
2088.83,1346.60,,,,,0.01784,
1893.48,1425.49,,,,,0.02065,
2481.63,1160.74,,,,,0.02225,
1394.24,1853.58,,,,,0.01757,
1828.92,1408.57,,,,,0.02249,
2454.17,1489.73,,,,,0.01851,
771.41,154.83,,,,,0.02444,
387.83,528.06,,,,,0.02179,
2140.58,1524.97,,,,,0.02569,
1738.93,514.39,,,,,0.02392,
1610.77,2378.51,,,,,0.01385,
303.19,2351.09,,,,,0.02731,
517.76,45.33,,,,,0.01964,
1691.53,1342.16,,,,,0.02143,
819.92,213.42,,,,,0.01914,
883.61,1474.03,,,,,0.01547,
190.95,575.28,,,,,0.01536,
536.35,1926.01,,,,,0.01924,
1696.06,2144.08,,,,,0.02043,
1771.53,873.76,,,,,0.01691,
1021.43,2332.04,,,,,0.01647,
1240.55,720.13,,,,,0.02487,
2164.66,1776.64,,,,,0.01647,
950.81,2270.66,,,,,0.00919,
2048.18,68.61,,,,,0.01614,
825.51,1224.63,,,,,0.01812,
774.76,1584.89,,,,,0.02033,
1812.98,17.20,,,,,0.02112,
83.50,978.07,,,,,0.02433,
1789.10,860.55,,,,,0.01848,
2496.99,836.30,,,,,0.01619,
834.76,1175.28,,,,,0.01865,
1813.65,524.45,,,,,0.01874,
823.80,2477.64,,,,,0.02533,
635.51,662.69,,,,,0.02068,
748.50,67.10,,,,,0.01955,
574.38,2442.51,,,,,0.01619,
2161.24,346.32,,,,,0.01874,
1328.46,250.47,,,,,0.0251,
2316.91,635.72,,,,,0.01829,
495.04,978.73,,,,,0.02912,
1427.51,31.02,,,,,0.00942,
842.13,87.94,,,,,0.02095,
248.65,2064.25,,,,,0.02871,
1514.81,1043.96,,,,,0.02194,
2032.87,1771.55,,,,,0.01736,
1031.51,2187.41,,,,,0.02411,
1419.48,113.87,,,,,0.01966,
1291.78,608.76,,,,,0.02164,
1488.00,1740.37,,,,,0.02248,
1985.50,391.81,,,,,0.02186,
538.87,1136.74,,,,,0.02716,
57.96,847.13,,,,,0.02115,
368.41,660.39,,,,,0.01974,
1344.12,789.12,,,,,0.03045,
1783.85,527.47,,,,,0.01858,
148.94,1911.80,,,,,0.02432,
1141.88,2020.61,,,,,0.02031,
2414.30,21.95,,,,,0.02418,
553.76,2148.53,,,,,0.01781,
2059.52,2113.97,,,,,0.01831,
101.34,1957.62,,,,,0.02423,
746.02,1701.49,,,,,0.01909,
1397.48,2486.04,,,,,0.01636,
1536.92,1301.77,,,,,0.02075,
1533.65,1936.45,,,,,0.01751,
2169.98,494.98,,,,,0.01649,
1871.91,971.40,,,,,0.02268,
1973.58,1187.86,,,,,0.0131,
1250.91,430.08,,,,,0.01717,
2314.33,93.15,,,,,0.02305,
1567.94,1030.29,,,,,0.0155,
1255.19,1843.90,,,,,0.01893,
242.38,2082.93,,,,,0.01764,
1814.04,2360.73,,,,,0.02645,
2104.45,1262.16,,,,,0.01462,
1521.96,1962.64,,,,,0.02184,
1541.31,180.15,,,,,0.01207,
147.14,127.54,,,,,0.01957,
803.18,28.77,,,,,0.01953,
1078.13,2286.08,,,,,0.02012,
